time,latitude,longitude,depth,mag,magType,nst,gap,dmin,rms,net,id,updated,place,type,horizontalError,depthError,magError,magNst,status,locationSource,magSource
2017-07-01T18:07:32.460Z,38.85,-89.2275,16.79,3.12,mw,23,88,0.1728,0.16,nm,nm60173557,2017-07-18T17:21:08.480Z,"16km SW of Vandalia, Illinois",earthquake,0.22,0.3,,12,reviewed,nm,nm
2017-06-20T15:14:04.910Z,33.4275,-82.0168333,12.93,3.2,mlg,25,46,0.347,0.19,se,se60172262,2017-07-18T17:26:16.489Z,"6km SW of Augusta, Georgia",earthquake,0.35,0.81,,94,reviewed,se,se
2017-06-11T12:40:25.100Z,36.376,-92.9895,5.87,3.6,mw,24,85,0.1115,0.15,nm,nm60197956,2017-06-30T11:32:30.314Z,"19km NNE of Harrison, Arkansas",earthquake,0.22,0.45,,16,reviewed,nm,nm
2017-06-03T03:08:39.980Z,39.9173,-81.293,1.38,3.4,mwr,,23,0.337,0.6,us,us20009kfw,2017-07-19T21:36:17.040Z,"12km SW of Barnesville, Ohio",earthquake,1.6,6.3,,39,reviewed,us,slm
2017-05-24T16:24:05.180Z,39.2276,-82.4771,9.6,3.4,mb_lg,,17,0.311,0.53,us,us10008uvu,2017-07-09T22:38:16.040Z,"2km S of McArthur, Ohio",earthquake,4.7,7.1,0.041,157,reviewed,us,us
2017-05-16T10:21:52.240Z,36.873,-89.1216667,9.07,3.26,mw,72,40,0.2691,0.22,nm,nm60194306,2017-06-29T13:46:57.040Z,"9km W of Bardwell, Kentucky",earthquake,0.3,1.32,,16,reviewed,nm,nm
2017-05-14T12:56:24.050Z,36.564,-89.599,13.61,3.02,md,45,31,0.01505,0.12,nm,nm60194166,2017-05-26T07:54:21.040Z,"3km SSE of Lilbourn, Missouri",earthquake,0.14,0.22,0.099,57,reviewed,nm,nm
2017-04-02T11:58:12.390Z,39.6644,-81.2434,3.93,3,mb_lg,,46,0.21,0.93,us,us10008dxn,2017-06-23T07:26:27.040Z,"15km SW of Woodsfield, Ohio",earthquake,1.1,7.8,0.053,93,reviewed,us,us
2017-03-19T14:25:12.570Z,36.8795,-89.1278333,12.22,3.16,md,63,55,0.1898,0.17,nm,nm60181601,2017-06-12T19:46:50.040Z,"10km W of Bardwell, Kentucky",earthquake,0.28,1.02,0.119,68,reviewed,nm,nm
2017-03-15T16:51:10.090Z,36.8816667,-89.1225,8.39,3.59,mw,90,40,0.1943,0.18,nm,nm60180726,2017-06-11T14:13:04.621Z,"9km SSW of Wickliffe, Kentucky",earthquake,0.27,1.01,,9,reviewed,nm,nm
2016-12-13T14:40:21.000Z,44.33,-66.1,18,3,mb_lg,,,,0.25,us,us200080m1,2017-03-09T02:14:30.040Z,"41km SW of Digby, Canada",earthquake,4.7,2,,,reviewed,ott,ott
2016-11-24T01:57:37.580Z,36.1545,-89.6926667,8.75,3.3,mlg,89,26,0.03525,0.14,nm,nm60140077,2017-02-15T23:21:39.040Z,"5km SW of Caruthersville, Missouri",earthquake,0.14,0.37,,135,reviewed,nm,nm
2016-11-01T20:49:23.000Z,47.12,-65.73,5,3.1,mb_lg,,,,0.62,us,us100073mr,2017-01-24T02:02:14.040Z,"23km WNW of Miramichi, Canada",earthquake,2.9,1.9,,,reviewed,ott,ott
2016-09-09T13:45:37.560Z,36.4526667,-89.5346667,10.26,3.44,mw,89,27,0.06306,0.12,nm,nm60132667,2016-12-07T02:56:07.040Z,"9km NW of Tiptonville, Tennessee",earthquake,0.14,0.28,,33,reviewed,nm,nm
2016-07-29T19:55:21.320Z,47.4283,-70.1157,19.43,3,mb_lg,,,,0.55,us,us100068ie,2016-10-19T04:51:41.040Z,"9km NNW of La Pocatiere, Canada",earthquake,6.4,7.1,,,reviewed,ott,ott
2016-07-05T04:51:13.020Z,36.1506667,-89.6973333,9.02,3,md,61,26,0.03084,0.17,nm,nm60123697,2016-09-02T21:36:38.040Z,"6km SW of Caruthersville, Missouri",earthquake,0.21,0.45,0.145,51,reviewed,nm,nm
2016-06-19T23:07:16.800Z,46.4261,-75.5901,18,3.3,mb_lg,,,,1.19,us,us20006f4x,2016-08-27T02:15:30.040Z,"15km SSW of Mont-Laurier, Canada",earthquake,1.9,5.7,,,reviewed,ott,ott
2016-06-09T20:42:56.640Z,43.6155,-66.1682,5,3,mb_lg,,269,1.432,0.38,us,us200063a5,2016-08-18T00:36:37.040Z,"24km S of Yarmouth, Canada",earthquake,4.7,2,,,reviewed,us,ott
2016-05-14T21:29:55.270Z,45.9512,-77.3572,18,3.5,mb_lg,,,,0.76,us,us10005hgh,2016-07-22T19:39:06.040Z,"5km NNW of Petawawa, Canada",earthquake,1.4,1.9,,,reviewed,ott,ott
2016-05-01T06:12:10.030Z,37.2136667,-88.9876667,16.26,3.5,mlg,57,58,0.2251,0.19,nm,nm60114087,2016-07-19T20:03:08.040Z,"15km N of La Center, Kentucky",earthquake,0.24,0.41,,170,reviewed,nm,nm
2016-02-09T00:24:57.000Z,45.605,-67.35,1,3.3,mb_lg,,,,1.18,us,us20004z2l,2016-05-26T21:31:53.690Z,"44km SSW of Nackawic, Canada",earthquake,2.1,2,,,reviewed,ott,ott
2016-02-02T11:56:22.000Z,44.871,-66.878,5,3.6,mb_lg,,,,0.44,us,us20004wjb,2016-05-26T21:31:51.980Z,"9km ESE of Eastport, Maine",earthquake,3.6,2,,,reviewed,ott,ott
2016-01-17T19:12:49.050Z,39.3193333,-77.8283333,4.74,3.03,ml,14,80,0.2174,0.23,ld,ld60108801,2016-05-26T21:31:50.280Z,"3km NE of Ranson, West Virginia",earthquake,0.43,3.02,0.18,13,reviewed,ld,ld
2015-11-28T05:16:54.250Z,44.9785,-74.7305,5,3.23,ml,24,64,0.2111,0.3,ld,ld60106806,2016-05-26T21:31:38.230Z,"4km S of Cornwall, Canada",earthquake,0.41,31.61,0.21,51,reviewed,ld,ld
2015-11-25T07:08:53.120Z,36.538,-89.6013333,8.71,3.04,md,62,30,0.03826,0.15,nm,nm60096437,2016-02-18T04:48:54.040Z,"6km SSE of Lilbourn, Missouri",earthquake,0.16,0.28,0.163,51,reviewed,nm,nm
2015-11-04T15:04:26.330Z,47.0232,-66.6281,5,3.7,mb_lg,,,,0.81,us,us200041yg,2016-01-30T02:11:07.040Z,"88km W of Miramichi, Canada",earthquake,2.9,2,,,reviewed,ott,ott
2015-10-20T23:36:56.760Z,45.7271,-77.1392,18,3.1,mb_lg,,,,0.77,us,us100040ey,2016-01-15T20:51:28.040Z,"10km S of Pembroke, Canada",earthquake,2.1,1.9,,,reviewed,ott,ott
2015-10-20T23:34:51.940Z,45.7344,-77.1451,18,3.8,mb_lg,,,,0.81,us,us10003q3y,2016-05-26T21:31:21.710Z,"9km SSW of Pembroke, Canada",earthquake,2.3,2,,,reviewed,ott,ott
2015-10-16T20:50:20.660Z,36.7511667,-90.8601667,15.74,3.2,mlg,26,72,0.3349,0.26,nm,nm60119416,2016-01-15T20:50:50.040Z,"14km NNW of Doniphan, Missouri",earthquake,0.6,0.51,,0,reviewed,nm,nm
2015-10-16T20:26:07.650Z,36.7613333,-90.8578333,16.01,3.48,mw,53,74,0.3276,0.31,nm,nm60119406,2016-01-15T20:50:49.040Z,"15km N of Doniphan, Missouri",earthquake,0.44,0.6,,21,reviewed,nm,nm
2015-09-30T01:06:22.240Z,46.509,-80.8978,1,3.1,mb_lg,,,,0.81,us,us10003j1h,2015-12-28T23:08:50.040Z,"7km ENE of Greater Sudbury, Canada",earthquake,1.6,2,,,reviewed,ott,ott
2015-09-13T00:45:18.530Z,47.4246,-70.3593,11.29,3.1,mb_lg,,,,0.64,us,us20003j4c,2015-12-12T00:42:49.040Z,"10km E of Baie-Saint-Paul, Canada",earthquake,1.9,6.4,,,reviewed,ott,ott
2015-09-09T19:17:51.070Z,45.767,-76.3743333,10,3.19,ml,14,255,0.5936,0.7,ld,ld60101641,2016-05-26T21:31:12.850Z,"20km NE of Shawville, Canada",earthquake,2.98,31.61,0.17,8,reviewed,ld,ld
2015-08-27T22:47:52.000Z,46.21,-66.594,5,3.6,mb_lg,,,,0.41,us,us100035k5,2016-05-26T21:31:08.670Z,"29km N of Fredericton, Canada",earthquake,3.4,2,,,reviewed,ott,ott
2015-08-25T13:26:15.330Z,35.6633333,-89.682,12.7,3.5,mw,83,68,0.09276,0.15,nm,nm60087957,2015-11-24T02:09:35.040Z,"11km NNW of Covington, Tennessee",earthquake,0.2,0.37,,31,reviewed,nm,nm
2015-08-21T23:49:14.000Z,47.243,-66.29,5,3,mb_lg,,,,0.43,us,us1000345f,2016-05-26T21:31:05.770Z,"63km SW of Bathurst, Canada",earthquake,5.7,2,,,reviewed,ott,ott
2015-07-27T20:26:26.120Z,46.5642,-75.2799,18,3.1,mb_lg,,,,0.99,us,us20003fw4,2016-05-26T21:30:47.560Z,"16km E of Mont-Laurier, Canada",earthquake,3.1,6.2,,,reviewed,ott,ott
2015-07-15T22:00:19.520Z,45.4743333,-74.5435,10.23,3.27,ml,33,134,,0.36,ld,ld60096481,2016-05-26T21:30:37.460Z,"13km SSE of Hawkesbury, Canada",earthquake,0.42,1.07,0.23,13,reviewed,ld,ld
2015-07-01T18:32:53.000Z,44.085,-66.253,5,3.5,mwr,,,,0.29,us,us10002mvh,2015-09-02T22:37:27.040Z,"30km NNW of Yarmouth, Canada",earthquake,7.1,2,0.047,43,reviewed,ott,us
2015-06-30T15:42:54.710Z,42.1464,-85.0459,5,3.3,mb_lg,,33,0.499,0.34,us,us10002mly,2016-01-22T21:14:12.587Z,"11km NE of Union City, Michigan",earthquake,2.9,2,0.037,190,reviewed,us,us
2015-06-30T06:44:07.300Z,32.9594,-88.0301,5,3.5,mwr,,63,0.049,0.5,us,us10002mia,2015-09-02T22:37:25.040Z,"18km NW of Eutaw, Alabama",earthquake,3.4,2,0.04,60,reviewed,us,us
2015-06-29T13:23:01.490Z,32.5614,-90.0744,5,3.2,mb_lg,,51,0.507,0.37,us,us10002mc3,2015-09-02T22:37:24.040Z,"6km SSW of Canton, Mississippi",earthquake,3.2,2,0.047,117,reviewed,us,us
2015-06-28T09:15:03.000Z,47.394,-70.092,7.4,3.3,mb_lg,,,,0.58,us,us10002m6v,2015-09-02T22:37:22.040Z,"5km NNW of La Pocatiere, Canada",earthquake,3.6,6.6,,,reviewed,ott,ott
2015-06-06T18:09:35.010Z,32.9347,-88.0034,5.75,3,mb_lg,,64,0.079,0.9,us,us20002mky,2015-08-10T13:08:22.040Z,"15km NW of Eutaw, Alabama",earthquake,2.7,6.6,0.048,113,reviewed,us,us
2015-05-30T00:41:14.690Z,38.462,-88.3561667,25.85,3.4,mlg,23,63,0.08472,0.3,nm,nm60008708,2016-10-13T15:08:04.910Z,"9km N of Fairfield, Illinois",earthquake,0.55,0.6,,0,reviewed,nm,nm
2015-05-03T01:08:34.860Z,32.5794,-90.1139,5,3,mb_lg,,50,0.496,0.51,us,us20002ax8,2015-07-09T22:00:07.040Z,"8km WSW of Canton, Mississippi",earthquake,3.4,2,0.048,111,reviewed,us,us
2015-05-03T00:39:23.590Z,32.5571,-90.0759,5,3.2,mb_lg,,51,0.503,0.47,us,us20002ax0,2015-07-09T22:00:06.040Z,"7km SSW of Canton, Mississippi",earthquake,4.3,2,0.045,129,reviewed,us,us
2015-05-02T16:23:07.580Z,42.2357,-85.4285,4.48,4.2,mwr,,17,0.682,0.79,us,us20002avh,2017-07-06T21:37:25.480Z,"5km S of Galesburg, Michigan",earthquake,3.8,4.3,0.028,124,reviewed,us,us
2015-05-02T08:34:25.550Z,46.826,-78.927,18,3.3,mb_lg,,,,1.02,us,us20002awj,2015-07-09T22:00:06.040Z,"17km NE of Temiscaming, Canada",earthquake,3.6,2,,,reviewed,ott,ott
2015-04-02T03:51:43.350Z,36.051,-89.8251667,10.91,3.6,mw,70,50,0.06869,0.16,nm,nm60096021,2016-09-07T13:19:15.224Z,"3km S of Steele, Missouri",earthquake,0.19,0.41,,0,reviewed,nm,nm
2015-03-12T01:19:20.150Z,32.9718,-88.055,0,3.1,mb_lg,,95,0.227,0.52,us,us10001lte,2015-06-04T00:46:16.040Z,"19km SSE of Aliceville, Alabama",earthquake,3.1,6.7,0.044,140,reviewed,nm,us
2015-02-28T23:08:44.450Z,36.536,-89.6391667,13.44,3.12,md,51,33,0.02476,0.08,nm,nm60070727,2016-02-09T13:52:43.480Z,"6km SSW of Lilbourn, Missouri",earthquake,0.14,0.25,0.189,50,reviewed,nm,nm
2015-02-27T22:40:50.050Z,33.0093,-88.0412,19.58,3.2,md,,124,0.191,1.11,us,usc000ttvd,2016-01-11T15:50:55.330Z,"16km SE of Aliceville, Alabama",earthquake,3.7,4.8,0.107,6,reviewed,nm,nm
2015-02-19T21:29:43.570Z,32.9497,-88.0307,2.95,3,mb_lg,,96,0.25,0.57,us,usc000trpe,2016-02-09T13:53:16.900Z,"18km NW of Eutaw, Alabama",earthquake,3.2,6.8,0.069,54,reviewed,us,us
2015-02-19T18:19:09.430Z,32.9083,-87.9971,4.63,3,mb_lg,,65,0.296,0.75,us,usc000trk7,2016-02-09T13:53:10.450Z,"12km NW of Eutaw, Alabama",earthquake,2.3,6.8,0.062,68,reviewed,us,us
2015-01-21T05:31:59.000Z,47.371,-70.217,14.5,3.7,mb_lg,,,,0.73,us,usc000ti4g,2015-04-20T16:05:38.040Z,"11km WNW of La Pocatiere, Canada",earthquake,5.4,7.6,,,reviewed,ott,ott
2015-01-16T13:05:28.720Z,49.4297,-66.7949,18,4.1,mb,,,,0.82,us,usc000tgdg,2016-05-26T21:29:16.740Z,"37km NNW of Cap-Chat, Canada",earthquake,4.7,1.9,0.157,11,reviewed,ott,us
2015-01-12T11:36:38.890Z,41.7482,-71.9019,5.4,3.3,mb_lg,,87,0.246,0.36,us,usc000tesx,2016-05-26T21:28:56.510Z,"0km NE of Wauregan, Connecticut",earthquake,2.5,7.8,0.054,91,reviewed,us,us
2014-12-17T19:38:15.640Z,32.9504,-88.0198,9.17,3.4,mb_lg,,64,0.251,0.5,us,usc000t7r4,2016-04-07T18:22:00.980Z,"17km NW of Eutaw, Alabama",earthquake,4.6,7.7,0.05,109,reviewed,us,us
2014-12-15T06:44:16.560Z,36.059,-81.5195,13.16,3,md,25,35,0.3222,0.26,se,se610680,2016-04-07T18:21:48.110Z,"16km N of Lenoir, North Carolina",earthquake,0.7,1.6,0.309,4,reviewed,se,se
2014-11-20T10:25:31.520Z,32.9411,-88.0317,5,3.8,mwr,,64,0.259,0.66,us,usb000sy7g,2016-04-07T18:20:56.990Z,"17km NW of Eutaw, Alabama",earthquake,4.1,2,0.036,74,reviewed,us,us
2014-11-02T01:58:10.000Z,46.938,-67.032,5,3.2,mb_lg,,,,0.62,us,usc000sue7,2015-01-20T09:03:10.040Z,"New Brunswick, Canada",earthquake,2.2,2,,,reviewed,ott,ott
2014-10-03T04:52:32.650Z,31.6761,-94.0554,5,3.1,mb_lg,,81,0.347,0.94,us,usb000sie0,2015-01-30T17:45:23.681Z,"16km NNE of San Augustine, Texas",earthquake,1.8,2,0.051,109,reviewed,us,us
2014-09-23T02:58:02.760Z,48.4254,-69.1607,18,3.3,mb_lg,,,,0.78,us,usb000sh5a,2014-12-19T00:05:26.040Z,"35km S of Forestville, Canada",earthquake,1.6,5.9,,,reviewed,ott,ott
2014-08-05T18:15:31.590Z,46.485,-81.193,5.4,3.8,mb_lg,,,,0.82,us,usb000s0hr,2016-05-26T21:27:42.610Z,"15km W of Greater Sudbury, Canada",earthquake,,6.2,,,reviewed,ott,ott
2014-08-05T17:54:53.520Z,46.4765,-81.1848,12.05,3.3,mb_lg,,,,0.64,us,usb000s0t4,2014-10-29T19:53:02.000Z,"15km W of Greater Sudbury, Canada",earthquake,,7.6,,,reviewed,ott,ott
2014-08-02T18:38:40.200Z,47.5906,-70.1818,14.81,3,mb_lg,,,,1.28,us,usb000rzl2,2014-10-29T19:52:55.000Z,"7km SSW of La Malbaie, Canada",earthquake,,7.8,,,reviewed,ott,ott
2014-07-04T22:55:57.000Z,45.922,-74.857,18,3,mb_lg,,,,0.82,us,usc000rqrb,2014-10-04T19:59:55.000Z,"27km NE of Saint-Andre-Avellin, Canada",earthquake,,1.9,,,reviewed,ott,ott
2014-06-04T21:19:24.330Z,35.5795,-92.245,0.08,3.8,mw,17,50,0.1459,0.18,nm,nm610403,2016-04-07T17:52:22.543Z,"3km SE of Fairfield Bay, Arkansas",earthquake,0.8,2.5,1.147,5,reviewed,nm,nm
2014-05-26T21:33:49.000Z,48.963,-68.016,21,3.7,mb_lg,,,,0.49,us,usb000r55f,2014-08-23T08:36:50.000Z,"29km SSE of Baie-Comeau, Canada",earthquake,,3.6,,,reviewed,ott,ott
2014-05-22T01:47:15.960Z,37.5298333,-78.0701667,9.86,3.1,mw,13,74,0.084,0.31,se,se610626,2016-05-26T21:26:58.280Z,"13km W of Powhatan, Virginia",earthquake,0.9,1.7,0.325,4,reviewed,se,se
2014-05-15T15:44:58.340Z,36.558,-90.02,5.63,3.1,md,38,67,0.06237,0.12,nm,nm610382,2016-04-07T17:48:43.090Z,"4km W of Malden, Missouri",earthquake,0.2,1.2,0.3,20,reviewed,nm,nm
2014-04-28T14:52:54.000Z,47,-66.57,5,3.4,mb_lg,,,,0.8,us,usb000q3f5,2014-07-14T20:11:22.000Z,"84km W of Miramichi, Canada",earthquake,,7.5,,,reviewed,ott,ott
2014-04-21T01:05:06.760Z,29.6897,-67.5421,6.76,4.1,mb,,79,3.62,1.34,us,usb000ps9i,2014-07-04T01:34:44.000Z,"North Atlantic Ocean",earthquake,,4.3,0.067,60,reviewed,us,us
2014-04-07T06:24:12.920Z,36.2161667,-89.4101667,6.28,3.1,md,22,67,0.01627,0.03,nm,nm610334,2016-04-07T17:43:35.300Z,"8km SE of Ridgely, Tennessee",earthquake,0.3,0.7,0.083,14,reviewed,nm,nm
2014-03-19T22:38:03.330Z,32.9978333,-80.1778333,6.91,3,mlg,15,57,0.08998,0.37,se,se610620,2016-04-07T18:15:25.450Z,"0km S of Centerville, South Carolina",earthquake,0.5,0.8,0.432,8,reviewed,se,se
2014-02-16T20:23:35.810Z,33.8301667,-82.0656667,6.99,3,mw,20,109,0.2032,0.38,se,se610611,2016-04-07T18:14:28.090Z,"13km WNW of Edgefield, South Carolina",earthquake,0.6,1,0.457,10,reviewed,se,se
2014-02-15T03:23:38.150Z,33.8166667,-82.092,5.18,4.1,mw,21,110,0.2289,0.38,se,se610610,2017-01-25T00:36:57.279Z,"15km WNW of Edgefield, South Carolina",earthquake,0.6,0.8,0.765,11,reviewed,se,se
2013-12-23T16:45:49.310Z,25.7194,-66.6056,2.08,5.2,mwb,,48,5.896,0.85,us,usc000lqeg,2014-02-27T22:02:51.844Z,"North Atlantic Ocean",earthquake,,2.7,0.068,,reviewed,us,us
2013-12-11T07:47:21.000Z,47.223,-70.4,12.5,3.4,mb_lg,,,,0.88,us,usc000ljy4,2014-02-21T23:00:51.000Z,"25km SSE of Baie-Saint-Paul, Canada",earthquake,,7.2,,,reviewed,ott,ott
2013-11-20T17:59:39.820Z,39.445,-82.205,8,3.5,mb_lg,,,,0.57,us,usb000l2y3,2016-05-26T21:25:38.510Z,"2km ESE of Nelsonville, Ohio",earthquake,,6.8,0.042,,reviewed,oh,us
2013-11-04T18:35:33.720Z,41.7999,-87.8247,1,3.2,mb_lg,,28,0.383,0.5,us,usb000ksfx,2015-05-21T17:16:39.081Z,"1km NW of Summit, Illinois",earthquake,,2,0.052,,reviewed,us,us
2013-10-20T10:40:33.380Z,45.6106,-77.4528,18,3.6,mb_lg,,,,0.8,us,usb000khk2,2016-05-26T21:25:28.410Z,"33km SSW of Petawawa, Canada",earthquake,,1.5,,,reviewed,ott,ott
2013-10-08T01:58:09.190Z,30.1795,-74.1579,19.04,4.4,mb,,63,5.138,1.05,us,usb000k8bw,2013-12-24T01:42:56.000Z,"Off the east coast of the United States",earthquake,,4.5,0.074,,reviewed,us,us
2013-09-21T14:48:26.110Z,49.7668,-65.9147,18,4.2,mwr,,,,1.71,us,usb000jx58,2015-01-30T14:30:59.752Z,"58km SE of Sept-Iles, Canada",earthquake,,1.8,0.075,,reviewed,ott,us
2013-09-02T23:51:15.460Z,31.9095,-94.4279,4.69,4.3,mwr,,76,0.018,0.96,us,usb000jfgm,2015-01-28T14:59:03.719Z,"3km WNW of Timpson, Texas",earthquake,,2.6,0.052,,reviewed,us,us
2013-08-28T09:44:34.630Z,46.9913,-66.6064,5,3.2,mb_lg,,,,0.52,us,usb000jekt,2013-11-06T01:33:32.000Z,"86km W of Miramichi, Canada",earthquake,,2,,,reviewed,us_ott,us_ott
2013-08-12T21:43:24.300Z,36.261,-89.3013333,4.4,3.3,md,34,103,0.01341,0.11,nm,nm610016,2016-04-07T18:51:30.370Z,"9km W of Obion, Tennessee",earthquake,0.5,1.2,0.189,7,reviewed,nm,nm
2013-07-17T20:10:33.020Z,35.6248333,-90.5638333,13.57,3.2,md,28,54,0.07196,0.14,nm,nm609991,2016-04-07T18:48:49.000Z,"7km SW of Trumann, Arkansas",earthquake,0.2,0.4,0.124,7,reviewed,nm,nm
2013-07-11T20:16:07.000Z,47.81,-70.049,14.9,4.4,mb,48,100,,,us,usp000k1wx,2016-05-26T21:24:48.900Z,"St. Lawrence Valley region, Quebec, Canada",earthquake,,,,9,reviewed,ott,us
2013-07-01T07:48:43.300Z,41.793,-81.292,5,3.2,mblg,48,100,,,us,usp000k1m6,2016-05-26T21:24:44.920Z,"6km NW of Fairport Harbor, Ohio",earthquake,,,,,reviewed,ogso,ogso
2013-06-30T08:40:46.000Z,45.748,-76.352,14,3.1,mblg,16,100,,,us,us2013sbcm,2014-11-07T01:51:08.360Z,"19km NNE of Shawville, Canada",earthquake,,,,,reviewed,ott,ott
2013-05-24T05:44:24.910Z,35.2981667,-92.7145,5.61,3.4,mw,15,51,0.1546,0.18,nm,nm609922,2016-04-07T18:41:35.920Z,"16km N of Morrilton, Arkansas",earthquake,1,2,0.626,3,reviewed,nm,nm
2013-05-22T17:19:39.780Z,35.2991667,-92.715,5.44,3.4,mw,13,90,0.1543,0.15,nm,nm609912,2016-04-07T18:40:32.730Z,"16km N of Morrilton, Arkansas",earthquake,1.2,2.2,0.716,3,reviewed,nm,nm
2013-05-17T20:15:17.000Z,45.767,-76.346,18,3.1,mblg,36,100,,,us,usb000gxx8,2016-05-26T21:24:25.450Z,"21km NNE of Shawville, Canada",earthquake,,,,,reviewed,ott,ott
2013-05-17T13:53:55.830Z,45.7576667,-76.3545,10.72,3.63,ml,17,141,,0.35,ld,ld60040531,2016-05-26T21:24:22.770Z,"18km NE of Shawville, Canada",earthquake,0.58,1.06,0.2,54,reviewed,ld,ld
2013-05-17T13:43:24.440Z,45.7568333,-76.3533333,13,5.06,ml,17,141,,0.2,ld,ld60040526,2016-05-26T21:24:20.300Z,"19km NNE of Shawville, Canada",earthquake,0.37,31.61,0.32,28,reviewed,ld,ld
2013-03-31T14:01:24.030Z,38.645,-80.8331667,8.02,3.4,mw,13,69,,0.45,se,se610164,2016-04-07T19:07:13.170Z,"11km WSW of Sutton, West Virginia",earthquake,1.3,3.8,0.304,6,reviewed,se,se
2013-03-21T05:22:17.440Z,46.43,-66.122,5,3.2,mblg,29,67,,,us,us2013nab1,2014-11-07T01:50:22.181Z,"68km NE of Fredericton, Canada",earthquake,,,,,reviewed,ott,ott
2013-02-23T22:28:38.560Z,35.6256667,-90.56,14.11,3.7,mw,30,80,0.07477,0.12,nm,nm609799,2016-04-07T18:29:44.473Z,"7km SW of Trumann, Arkansas",earthquake,0.3,0.4,0.057,1,reviewed,nm,nm
2013-02-19T04:59:44.000Z,48.425,-83.298,8,4.1,mb,34,61.7,,,us,us2013lvad,2014-11-07T01:50:09.684Z,"37km NNE of Chapleau, Canada",earthquake,,,,1,reviewed,ott,us
2013-01-25T07:01:19.840Z,31.844,-94.3,5,4.1,mblg,172,68,,1.44,us,usc000ev85,2015-01-28T13:49:38.488Z,"11km SE of Timpson, Texas",earthquake,,,,,reviewed,us,us
2013-01-16T01:01:48.950Z,46.063,-75.433,18,3,mblg,18,159.4,,,us,usp000jyfd,2014-11-07T01:49:50.680Z,"southern Quebec, Canada",earthquake,,,,,reviewed,ott,ott
2013-01-16T00:53:04.880Z,46.061,-75.442,18,3.5,mblg,53,86.3,,,us,usp000jyfc,2014-11-07T01:49:50.674Z,"southern Quebec, Canada",earthquake,,,,,reviewed,ott,ott
2013-01-02T16:36:22.000Z,47.02,-66.497,5,3,mblg,10,157.1,,,us,usp000jxrb,2014-11-07T01:49:44.672Z,"New Brunswick, Canada",earthquake,,,,,reviewed,ott,ott
2012-12-12T17:46:06.000Z,47.785,-70.049,5.3,4.4,mblg,95,40.5,,,us,usp000jww2,2015-03-24T02:02:43.732Z,"St. Lawrence Valley region, Quebec, Canada",earthquake,,,,,reviewed,ott,ott
2012-11-27T07:55:56.000Z,48.815,-67.352,17,4.2,mblg,95,36.8,,,us,usp000jw4q,2015-03-24T02:23:42.722Z,"Gaspe Peninsula, Quebec, Canada",earthquake,,,,,reviewed,ott,ott
2012-11-24T11:03:13.480Z,35.9186667,-83.5011667,7.02,3,mlg,23,51,,0.14,se,se609741,2016-04-07T20:02:37.530Z,"7km NE of Sevierville, Tennessee",earthquake,0.6,1.4,0.267,2,reviewed,se,se
2012-11-20T23:28:22.610Z,38.4548333,-87.9018333,18.56,3.6,mlg,33,49,,0.2,nm,nm609594,2016-04-07T19:48:46.538Z,"13km WNW of Mount Carmel, Illinois",earthquake,0.3,0.4,0.792,3,reviewed,nm,nm
2012-11-10T17:08:14.280Z,37.1386667,-83.0536667,17.03,4.2,mw,21,72,,0.16,se,se609737,2016-11-16T07:53:57.806Z,"17km SE of Hazard, Kentucky",earthquake,0.4,1.2,0.231,1,reviewed,se,se
2012-11-06T09:05:28.400Z,45.6185,-74.601,11.07,3.74,ml,21,204,0.6211,0.23,ld,ld60036901,2016-05-26T21:23:25.800Z,"Ontario-Quebec border region, Canada",earthquake,0.52,0.75,0.17,47,reviewed,ld,ld
2012-10-29T12:39:24.100Z,35.2031667,-90.6323333,21.04,3.9,mlg,57,46,0.1301,0.26,nm,nm609579,2016-04-07T19:46:42.425Z,"8km SW of Parkin, Arkansas",earthquake,0.2,0.4,0.205,3,reviewed,nm,nm
2012-10-16T23:12:25.080Z,43.5973333,-70.656,16.09,4.67,ml,27,116,,0.27,ld,ld60036706,2016-12-07T19:20:09.897Z,"Maine",earthquake,0.47,0.79,0.15,42,reviewed,ld,ld
2012-10-10T04:19:29.090Z,45.7553333,-73.2685,8.55,3.93,ml,20,189,0.3562,0.44,ld,ld60036501,2016-05-26T21:23:12.350Z,"southern Quebec, Canada",earthquake,1.12,1.32,0.18,35,reviewed,ld,ld
2012-09-22T16:10:41.370Z,48.442,-83.266,18,3.9,mblg,77,35.6,,,us,usp000jsqy,2015-03-24T02:07:21.655Z,"Ontario, Canada",earthquake,,,,,reviewed,ott,ott
2012-08-19T08:24:23.490Z,35.24,-92.3795,4.38,3.3,mlg,27,39,,0.17,nm,nm609509,2016-04-07T19:38:00.000Z,"0km NE of Greenbrier, Arkansas",earthquake,0.5,1,0.592,3,reviewed,nm,nm
2012-08-04T18:27:49.630Z,47.234,-70.597,18,3.8,mblg,49,61.1,,,us,usp000jpwj,2015-03-24T02:36:05.435Z,"St. Lawrence Valley region, Quebec, Canada",earthquake,,,,,reviewed,ott,ott
2012-06-17T13:40:31.700Z,36.411,-89.5295,8.44,3.3,mlg,37,38,0.04389,0.04,nm,nm609443,2016-04-07T19:30:56.440Z,"6km NW of Tiptonville, Tennessee",earthquake,0.2,0.6,0.229,1,reviewed,nm,nm
2012-05-17T08:12:00.990Z,31.926,-94.369,5,4.8,mwr,300,18.3,,1.24,us,usp000jkhb,2015-03-24T01:29:25.291Z,"eastern Texas",earthquake,,,,,reviewed,us,us
2012-05-10T22:54:05.570Z,38.8066667,-87.4606667,10.7,3.1,mlg,31,37,,0.25,nm,nm609413,2016-04-07T19:27:42.600Z,"13km WNW of Bicknell, Indiana",earthquake,0.4,0.8,,,reviewed,nm,nm
2012-05-10T15:15:38.840Z,31.964,-94.465,7,3.9,mwr,122,57.6,,1.52,us,usp000jk92,2015-03-24T01:43:41.124Z,"eastern Texas",earthquake,,11,,,reviewed,us,us
2012-04-12T15:43:53.780Z,42.021,-65.729,18,3.4,ml,21,220.9,,,us,usp000jhse,2014-11-07T01:47:30.359Z,"North Atlantic Ocean",earthquake,,,,,reviewed,ott,ott
2012-04-12T15:33:44.590Z,41.974,-65.842,18,3.8,ml,24,209.6,,,us,usp000jhsd,2014-11-07T01:47:30.356Z,"North Atlantic Ocean",earthquake,,,,,reviewed,ott,ott
2012-04-12T04:32:03.150Z,41.941,-65.766,18,3.8,ml,17,210.7,,,us,usp000jhqn,2014-11-07T01:47:29.819Z,"North Atlantic Ocean",earthquake,,,,,reviewed,ott,ott
2012-04-12T04:29:55.000Z,41.709,-65.634,10,4.2,mb,52,137.5,,0.96,us,usp000jhqm,2014-11-07T01:47:29.813Z,"North Atlantic Ocean",earthquake,,,,1,reviewed,us,us
2012-04-12T02:29:39.270Z,41.927,-65.762,18,4.5,mb,218,76.6,,,us,usp000jhq9,2015-03-24T01:28:14.676Z,"North Atlantic Ocean",earthquake,,,,97,reviewed,ott,us
2012-03-30T23:29:59.320Z,47.354,-66.094,5,3.4,mblg,10,139.3,,,us,usp000jh0u,2014-11-07T01:47:20.803Z,"New Brunswick, Canada",earthquake,,,,,reviewed,ott,ott
2012-03-26T03:21:50.950Z,37.9063333,-77.9878333,8.65,3,mw,15,113,0.02748,0.1,se,se609674,2016-05-26T21:22:33.730Z,"13km S of Louisa, Virginia",earthquake,0.5,0.6,,,reviewed,se,se
2012-02-24T22:47:22.370Z,47.616,-70.226,1.4,4,mblg,63,40.4,,,us,usp000jfbf,2015-03-24T02:13:54.845Z,"St. Lawrence Valley region, Quebec, Canada",earthquake,,,,,reviewed,ott,ott
2012-02-21T09:58:43.650Z,36.8733333,-89.4226667,7.81,3.9,mw,65,38,,0.19,nm,nm609348,2016-04-07T19:21:56.169Z,"8km SW of Charleston, Missouri",earthquake,0.18,0.46,0.042,3,reviewed,nm,nm
2012-01-30T23:39:47.250Z,37.9453333,-77.983,3.18,3.1,mw,16,82,0.01197,0.14,se,se609654,2016-05-26T21:22:24.080Z,"9km SSE of Louisa, Virginia",earthquake,0.7,0.9,,,reviewed,se,se
2012-01-26T22:35:55.790Z,41.576,-85.49,4.7,3,mblg,19,66,,1.5,us,usp000je0q,2014-11-07T01:46:50.763Z,"Indiana",earthquake,,8.7,,,reviewed,us,ott
2012-01-22T05:59:46.490Z,46.3716667,-75.125,10,3.1,ml,8,295,0.7124,0.39,ld,ld60029501,2016-05-26T21:22:19.320Z,"southern Quebec, Canada",earthquake,1.69,31.61,0.16,22,reviewed,ld,ld
2011-12-31T20:05:01.060Z,41.1215,-80.6843333,5,4,ml,9,138,0.5495,0.23,ld,ld60029101,2016-09-25T13:11:22.227Z,"Youngstown-Akron urban area, Ohio",earthquake,0.5,31.61,0.14,13,reviewed,ld,ld
2011-11-29T17:02:25.000Z,47.55,-70.25,14,3.4,mblg,25,193.1,,,us,usp000jbm2,2014-11-07T01:46:25.859Z,"St. Lawrence Valley region, Quebec, Canada",earthquake,,,,,reviewed,ott,ott
2011-10-12T16:40:00.370Z,37.9401667,-77.983,4.01,3,mw,17,71,,0.08,se,se609267,2016-04-08T14:05:18.670Z,"9km S of Louisa, Virginia",earthquake,0.4,0.7,0.412,6,reviewed,se,se
2011-10-05T09:38:30.490Z,35.3678333,-92.2726667,4.62,3.3,mw,14,60,0.03572,0.2,nm,nm609027,2016-04-08T13:39:43.950Z,"18km NE of Greenbrier, Arkansas",earthquake,0.4,0.5,0.701,4,reviewed,nm,nm
2011-10-03T22:36:32.390Z,31.157,-65.065,10,4.5,mb,109,66.5,,1.31,us,usp000j8w6,2014-11-07T01:46:02.825Z,"Bermuda region",earthquake,,,,44,reviewed,us,us
2011-10-03T22:18:05.660Z,31.125,-65.082,10,4.4,mb,85,76.4,,1.38,us,usp000j8w4,2014-11-07T01:46:02.803Z,"Bermuda region",earthquake,,,,31,reviewed,us,us
2011-09-22T23:32:09.770Z,36.818,-90.7486667,11.45,3.6,mlg,37,87,,0.28,nm,nm609016,2016-04-08T13:39:53.086Z,"22km NNE of Doniphan, Missouri",earthquake,0.6,0.8,,,reviewed,nm,nm
2011-09-18T19:19:14.040Z,45.6013333,-75.2345,5,3.84,ml,20,222,0.1991,0.22,ld,ld60026001,2016-05-26T21:21:43.440Z,"Ontario-Quebec border region, Canada",earthquake,0.59,31.61,0.17,10,reviewed,ld,ld
2011-09-13T22:59:23.550Z,33.56,-86.554,19.2,3,mblg,19,60.3,,,us,usp000j80n,2016-04-08T14:03:10.930Z,"1km NNW of Leeds, Alabama",earthquake,,,,,reviewed,ceri,us
2011-09-01T09:09:37.960Z,37.9501667,-77.932,3.42,3.4,mlg,26,60,,0.28,se,se609240,2016-04-08T14:02:25.760Z,"10km SE of Louisa, Virginia",earthquake,0.2,0.4,0.708,4,reviewed,se,se
2011-08-31T17:36:02.670Z,39.51,-81.47,5,3.1,mblg,4,124.3,,,us,usp000j7b5,2014-11-07T01:45:45.276Z,"Ohio",earthquake,,,,,reviewed,ogso,ogso
2011-08-27T06:25:41.560Z,46.778,-70.667,18,3.5,mblg,25,57,,,us,usp000j73h,2015-01-30T13:13:51.640Z,"southern Quebec, Canada",earthquake,,,,,reviewed,ott,ott
2011-08-25T05:07:52.290Z,37.9468333,-77.9671667,6.81,4.5,mlg,26,76,,0.51,se,se609218,2017-06-29T15:33:45.929Z,"9km SSE of Louisa, Virginia",earthquake,1.4,1.3,1.642,4,reviewed,se,se
2011-08-24T17:14:32.670Z,44.703,-74.3821667,5,3.19,ml,15,108,0.163,0.28,ld,ld60024626,2016-05-26T21:21:06.920Z,"New York",earthquake,0.42,31.61,0.16,8,reviewed,ld,ld
2011-08-24T04:45:25.960Z,37.8251667,-77.948,0.05,3.4,mlg,10,129,,0.37,se,se609216,2016-04-08T13:59:53.000Z,"16km NNW of Goochland, Virginia",earthquake,2.7,2.8,,,reviewed,se,se
2011-08-24T00:04:36.870Z,37.9146667,-77.9545,0,4.2,mlg,21,121,,0.31,se,se609215,2016-04-08T13:59:46.610Z,"13km SSE of Louisa, Virginia",earthquake,1.6,2.1,,,reviewed,se,se
2011-08-23T17:51:04.250Z,37.9096667,-77.9363333,6,5.8,mw,23,80,,0.48,se,se609212,2017-06-27T17:03:00.855Z,"14km SSE of Louisa, Virginia",earthquake,1.9,2.4,,0,reviewed,se,se
2011-06-16T07:20:40.180Z,48.266,-69.65,23,3.8,mblg,56,39.8,,,us,usp000j38p,2015-01-30T15:49:49.373Z,"St. Lawrence Valley region, Quebec, Canada",earthquake,,,,,reviewed,ott,ott
2011-06-07T08:10:36.690Z,38.0773333,-90.902,20.83,3.9,mw,24,66,0.3251,0.22,nm,nm608924,2016-04-08T13:30:09.195Z,"18km NNW of Potosi, Missouri",earthquake,0.7,1,0.176,1,reviewed,nm,nm
2011-06-05T15:35:21.050Z,41.03,-82.08,5,3,mblg,8,71.5,,,us,usp000j2rt,2016-05-26T21:20:34.740Z,"Ohio",earthquake,,,,,reviewed,ogso,ogso
2011-05-07T13:08:29.280Z,35.2501667,-92.3795,6,3.1,md,17,70,0.01859,0.2,nm,nm608891,2016-04-08T13:25:15.600Z,"1km NNE of Greenbrier, Arkansas",earthquake,0.4,0.3,0.304,6,reviewed,nm,nm
2011-05-03T03:02:50.000Z,36.954,-89.121,0,3.1,mblg,31,71,,,us,usp000j0xp,2015-03-24T01:53:08.808Z,"Missouri",earthquake,,,,,reviewed,exp,us
2011-04-24T06:18:57.000Z,35.2255,-92.379,5.41,3.2,mlg,18,72,0.02395,0.2,nm,nm608854,2016-04-08T13:21:21.340Z,"1km SE of Greenbrier, Arkansas",earthquake,0.4,0.3,0.384,5,reviewed,nm,nm
2011-04-23T12:20:31.560Z,35.2675,-92.3586667,5.18,3.1,mlg,17,69,0.02525,0.18,nm,nm608850,2016-04-08T13:20:55.890Z,"4km NE of Greenbrier, Arkansas",earthquake,0.4,0.4,0.426,6,reviewed,nm,nm
2011-04-19T10:33:09.310Z,35.2528333,-92.363,3.42,3.3,mlg,17,70,0.03211,0.2,nm,nm608846,2016-04-08T13:20:30.570Z,"3km NE of Greenbrier, Arkansas",earthquake,0.4,0.4,0.56,6,reviewed,nm,nm
2011-04-18T15:38:03.890Z,32.461,-65.597,10,4.6,mb,74,77.7,,0.85,us,usp000j06z,2015-03-24T01:45:55.637Z,"Bermuda region",earthquake,,6.7,,46,reviewed,us,us
2011-04-16T20:44:41.960Z,35.3493333,-92.6673333,2.8,3,mlg,15,60,0.2434,0.26,nm,nm608837,2016-04-08T13:19:33.900Z,"23km NNE of Morrilton, Arkansas",earthquake,1,5.4,0.138,4,reviewed,nm,nm
2011-04-08T16:46:19.630Z,35.2576667,-92.3758333,6.12,3.5,mlg,17,69,0.02511,0.17,nm,nm608793,2016-04-08T13:17:12.652Z,"2km NNE of Greenbrier, Arkansas",earthquake,0.5,0.3,0.698,6,reviewed,nm,nm
2011-04-08T14:56:32.450Z,35.261,-92.3625,6.22,3.9,mw,18,69,0.03156,0.18,nm,nm608790,2016-04-08T13:16:44.357Z,"3km NE of Greenbrier, Arkansas",earthquake,0.4,0.3,,,reviewed,nm,nm
2011-04-08T10:12:53.510Z,35.2521667,-92.3911667,5.2,3,mlg,16,75,0.01231,0.21,nm,nm608787,2016-04-08T13:14:18.280Z,"2km N of Greenbrier, Arkansas",earthquake,0.5,0.4,0.266,6,reviewed,nm,nm
2011-04-08T03:27:58.470Z,35.2561667,-92.3891667,5.46,3.2,mlg,16,73,0.01653,0.2,nm,nm608778,2016-04-08T13:13:21.030Z,"2km N of Greenbrier, Arkansas",earthquake,0.5,0.4,0.388,6,reviewed,nm,nm
2011-04-07T23:11:09.760Z,35.2505,-92.3726667,6.07,3.7,mw,16,74,0.02388,0.18,nm,nm608769,2016-04-08T13:13:45.712Z,"2km NE of Greenbrier, Arkansas",earthquake,0.5,0.3,0.715,3,reviewed,nm,nm
2011-04-07T02:34:50.450Z,35.2318333,-92.3666667,6.26,3.4,mw,20,72,0.0292,0.12,nm,nm608762,2016-04-08T13:11:39.710Z,"1km E of Greenbrier, Arkansas",earthquake,0.6,0.6,0.376,6,reviewed,nm,nm
2011-03-29T16:04:35.590Z,46.569,-76.959,18,3.5,mblg,18,116.6,,,us,usp000hyvq,2016-05-26T21:20:05.410Z,"southern Quebec, Canada",earthquake,,,,,reviewed,ott,ott
2011-03-22T19:56:05.330Z,35.2496667,-92.4026667,5.54,3.3,mlg,17,69,0.007763,0.16,nm,nm608717,2016-04-08T13:06:56.300Z,"2km NW of Greenbrier, Arkansas",earthquake,0.9,0.5,0.688,4,reviewed,nm,nm
2011-03-17T17:59:47.230Z,35.2416667,-92.3991667,4.98,3,md,16,70,0.0008777,0.12,nm,nm608694,2016-04-19T21:15:52.869Z,"1km NW of Greenbrier, Arkansas",earthquake,1,0.6,0.158,6,reviewed,nm,nm
2011-03-16T17:36:56.460Z,45.6165,-74.537,10,3.87,ml,13,241,0.9973,0.45,ld,ld60013616,2016-05-26T21:20:02.180Z,"Ontario-Quebec border region, Canada",earthquake,1.68,31.61,0.21,14,reviewed,ld,ld
2011-03-09T20:48:31.350Z,35.2433333,-92.3975,5.86,3.5,mlg,17,53,0.002359,0.17,nm,nm608629,2016-04-08T12:58:59.002Z,"1km NW of Greenbrier, Arkansas",earthquake,0.5,0.3,0.447,6,reviewed,nm,nm
2011-03-03T15:55:24.860Z,35.2413333,-92.3888333,6.58,3.5,mw,18,53,0.009201,0.14,nm,nm608571,2016-04-08T12:52:53.437Z,"0km N of Greenbrier, Arkansas",earthquake,0.6,0.4,0.664,7,reviewed,nm,nm
2011-03-03T15:31:49.430Z,35.2663333,-92.3713333,5.97,3,md,17,54,0.02727,0.21,nm,nm608570,2016-04-08T12:51:29.240Z,"3km NNE of Greenbrier, Arkansas",earthquake,0.4,0.3,0.208,6,reviewed,nm,nm
2011-03-01T16:03:05.770Z,35.2403333,-92.3913333,4.98,3.3,mw,17,53,0.007353,0.13,nm,nm608544,2016-04-08T12:48:44.940Z,"0km NNW of Greenbrier, Arkansas",earthquake,0.7,0.3,0.463,6,reviewed,nm,nm
2011-03-01T15:58:46.510Z,35.237,-92.3836667,5.62,3.3,mw,17,53,0.01436,0.16,nm,nm608543,2016-04-08T12:48:38.470Z,"0km NE of Greenbrier, Arkansas",earthquake,0.8,0.9,0.697,5,reviewed,nm,nm
2011-03-01T10:56:20.180Z,35.2888333,-92.34,2.39,3.2,mw,15,59,0.0186,0.18,nm,nm608540,2016-04-08T12:48:19.260Z,"7km NE of Greenbrier, Arkansas",earthquake,0.5,0.4,0.475,6,reviewed,nm,nm
2011-02-28T13:06:46.040Z,35.271,-92.3415,3.09,3,mw,15,75,0.02746,0.17,nm,nm608526,2016-04-08T12:46:50.570Z,"5km NE of Greenbrier, Arkansas",earthquake,0.5,0.4,0.402,6,reviewed,nm,nm
2011-02-28T08:46:11.670Z,35.2821667,-92.3415,2.47,3.4,mw,17,54,0.01994,0.19,nm,nm608518,2016-04-08T12:46:00.010Z,"6km NE of Greenbrier, Arkansas",earthquake,0.5,0.5,0.481,6,reviewed,nm,nm
2011-02-28T05:18:00.320Z,35.2705,-92.3738333,4.11,3.6,mw,18,75,0.02402,0.13,nm,nm608511,2016-04-08T12:47:46.168Z,"4km NNE of Greenbrier, Arkansas",earthquake,0.4,0.4,0.673,3,reviewed,nm,nm
2011-02-28T05:00:50.240Z,35.2686667,-92.3545,3.16,4.7,mw,19,54,,0.21,nm,nm608509,2017-04-13T22:25:58.987Z,"4km NE of Greenbrier, Arkansas",earthquake,0.5,0.4,1.334,2,reviewed,nm,nm
2011-02-26T14:35:02.050Z,35.2756667,-92.3486667,2.84,3.4,mlg,16,54,0.02025,0.19,nm,nm608496,2016-04-08T12:43:41.070Z,"5km NE of Greenbrier, Arkansas",earthquake,0.4,0.4,0.67,5,reviewed,nm,nm
2011-02-25T09:49:01.400Z,35.2775,-92.3741667,5.84,3.5,mw,17,54,0.01797,0.2,nm,nm608489,2016-04-08T12:44:13.378Z,"4km NNE of Greenbrier, Arkansas",earthquake,0.5,0.3,0.634,6,reviewed,nm,nm
2011-02-25T08:49:57.370Z,35.2595,-92.3738333,6.16,3.1,mlg,17,53,0.02753,0.18,nm,nm608487,2016-04-08T12:42:44.130Z,"3km NNE of Greenbrier, Arkansas",earthquake,0.5,0.4,0.329,6,reviewed,nm,nm
2011-02-24T07:35:24.380Z,35.3401667,-92.3151667,4.7,3.2,mlg,18,57,0.03958,0.21,nm,nm608471,2016-04-08T12:41:02.280Z,"13km NNE of Greenbrier, Arkansas",earthquake,0.6,0.5,0.479,6,reviewed,nm,nm
2011-02-24T00:24:45.830Z,35.2871667,-92.356,3.86,3.4,md,17,54,0.007479,0.2,nm,nm608462,2016-04-08T12:40:05.030Z,"6km NNE of Greenbrier, Arkansas",earthquake,0.5,0.5,0.665,6,reviewed,nm,nm
2011-02-23T14:21:32.420Z,42.157,-82.43,5,3,mblg,10,97.3,,,us,usp000huzf,2016-05-26T21:19:59.580Z,"southern Ontario, Canada",earthquake,,,,,reviewed,ott,ott
2011-02-21T16:17:32.480Z,35.2648333,-92.3851667,5.97,3.4,mlg,16,54,0.03347,0.26,nm,nm608446,2016-04-08T12:38:23.970Z,"3km N of Greenbrier, Arkansas",earthquake,0.5,0.5,1.069,4,reviewed,nm,nm
2011-02-20T15:15:00.370Z,35.2596667,-92.3753333,5.13,3.6,mw,15,53,0.03458,0.23,nm,nm608418,2016-04-08T12:36:47.164Z,"3km NNE of Greenbrier, Arkansas",earthquake,0.5,0.6,0.738,5,reviewed,nm,nm
2011-02-19T23:04:58.300Z,35.2683333,-92.3743333,6.69,3.4,mlg,13,79,0.02618,0.2,nm,nm608412,2016-04-08T12:34:50.520Z,"4km NNE of Greenbrier, Arkansas",earthquake,0.7,0.5,0.376,5,reviewed,nm,nm
2011-02-18T23:15:31.970Z,30.08,-88.001,5,3.5,mblg,31,163.5,,1.23,us,usp000huqz,2015-03-24T01:15:07.929Z,"Mississippi",earthquake,,,,,reviewed,us,us
2011-02-18T12:18:24.360Z,35.2686667,-92.3688333,5.92,3.2,mlg,16,54,0.02451,0.23,nm,nm608402,2016-04-08T12:33:47.220Z,"4km NNE of Greenbrier, Arkansas",earthquake,0.7,0.5,0.476,6,reviewed,nm,nm
2011-02-18T08:13:35.340Z,35.2713333,-92.3775,6.21,4.1,mw,16,74,0.02464,0.19,nm,nm608397,2016-04-08T12:39:18.386Z,"4km NNE of Greenbrier, Arkansas",earthquake,0.5,0.4,0.823,3,reviewed,nm,nm
2011-02-18T04:59:50.490Z,35.2573333,-92.37,5.04,3.9,mw,17,53,0.03578,0.18,nm,nm608392,2016-04-08T12:34:36.968Z,"3km NNE of Greenbrier, Arkansas",earthquake,0.6,0.7,1.28,6,reviewed,nm,nm
2011-02-17T10:49:48.640Z,35.2715,-92.3576667,6.29,3.8,mw,17,54,0.02141,0.19,nm,nm608368,2016-04-08T12:31:38.705Z,"4km NNE of Greenbrier, Arkansas",earthquake,0.6,0.3,0.441,6,reviewed,nm,nm
2011-02-16T21:46:17.080Z,35.2698333,-92.361,6.56,3.5,mlg,16,54,0.02277,0.16,nm,nm608354,2016-04-08T12:30:09.696Z,"4km NNE of Greenbrier, Arkansas",earthquake,0.5,0.3,0.742,4,reviewed,nm,nm
2010-12-30T12:55:21.960Z,40.43,-85.914,5,3.8,mwr,75,26.9,,1.06,us,usp000hsa5,2015-03-24T01:37:50.821Z,"Indiana",earthquake,,,,,reviewed,us,us
2010-12-13T06:59:01.090Z,35.3161667,-92.323,5.35,3.1,mlg,15,55,0.03814,0.27,nm,nm608114,2016-04-08T15:48:15.540Z,"10km NNE of Greenbrier, Arkansas",earthquake,0.6,0.4,0.387,5,reviewed,nm,nm
2010-11-30T15:45:57.040Z,39.9546667,-71.571,19.92,3.68,ml,36,232,1.705,0.51,ld,ld2010113000,2016-08-31T19:47:02.286Z,"off the east coast of the United States",earthquake,3.6,5.35,0.14,,reviewed,ld,ld
2010-11-20T19:06:35.400Z,35.3191667,-92.3031667,4.47,3.9,mw,19,50,0.03132,0.21,nm,nm607899,2016-04-08T15:27:13.767Z,"12km NE of Greenbrier, Arkansas",earthquake,0.5,0.5,0.667,6,reviewed,nm,nm
2010-10-28T23:06:09.850Z,47.425,-70.476,7.9,3,mblg,15,82.9,,,us,usp000hnqn,2014-11-07T01:42:46.750Z,"St. Lawrence Valley region, Quebec, Canada",earthquake,,,,,reviewed,ott,ott
2010-10-16T09:43:18.830Z,35.2885,-92.3326667,6,3.5,mw,19,74,0.02456,0.18,nm,nm607654,2016-04-08T15:01:57.343Z,"7km NE of Greenbrier, Arkansas",earthquake,0.5,0.4,0.957,6,reviewed,nm,nm
2010-10-15T18:40:17.780Z,35.3003333,-92.3375,5.33,3,mlg,16,73,0.02166,0.22,nm,nm607649,2016-04-08T14:59:37.500Z,"8km NNE of Greenbrier, Arkansas",earthquake,0.5,0.5,0.637,5,reviewed,nm,nm
2010-10-15T10:20:18.980Z,35.2943333,-92.3395,7.03,3.8,mw,18,73,0.0187,0.2,nm,nm607646,2016-04-08T15:01:00.758Z,"8km NNE of Greenbrier, Arkansas",earthquake,0.6,0.5,0.968,6,reviewed,nm,nm
2010-10-14T10:07:33.850Z,35.2991667,-92.3521667,4.53,3.4,mw,19,79,0.01052,0.2,nm,nm607638,2016-04-08T14:58:28.090Z,"7km NNE of Greenbrier, Arkansas",earthquake,0.8,0.6,0.926,7,reviewed,nm,nm
2010-10-11T16:06:04.880Z,35.3146667,-92.3355,5.85,3.6,mw,19,58,0.03102,0.2,nm,nm607607,2016-04-08T14:57:29.310Z,"10km NNE of Greenbrier, Arkansas",earthquake,0.5,0.5,0.932,5,reviewed,nm,nm
2010-10-11T13:33:40.190Z,35.3038333,-92.3166667,4.94,4.1,mw,19,78,0.02651,0.24,nm,nm607604,2016-04-08T15:01:00.996Z,"10km NE of Greenbrier, Arkansas",earthquake,0.6,0.6,1.369,6,reviewed,nm,nm
2010-10-10T12:48:22.940Z,35.322,-92.3323333,4.66,3,mlg,16,128,0.03818,0.25,nm,nm607592,2016-04-08T14:53:38.640Z,"10km NNE of Greenbrier, Arkansas",earthquake,0.5,0.5,1.022,6,reviewed,nm,nm
2010-10-09T04:13:40.160Z,35.3093333,-92.3366667,5.63,3,mlg,17,128,0.02676,0.19,nm,nm607573,2016-04-08T14:51:39.160Z,"9km NNE of Greenbrier, Arkansas",earthquake,0.6,0.7,0.82,5,reviewed,nm,nm
2010-10-08T11:08:33.890Z,47.107,-70.679,27.8,3.1,mblg,21,54.5,,,us,usp000hmtv,2014-11-07T01:42:40.519Z,"St. Lawrence Valley region, Quebec, Canada",earthquake,,,,,reviewed,ott,ott
2010-10-07T23:10:53.420Z,47.406,-70.327,12.7,3,mblg,16,69.1,,,us,usp000hmr4,2014-11-07T01:42:39.688Z,"St. Lawrence Valley region, Quebec, Canada",earthquake,,,,,reviewed,ott,ott
2010-10-02T20:17:00.050Z,37.8531667,-77.5186667,19.2,3,mlg,20,164,,0.21,se,se608220,2016-04-08T15:59:23.500Z,"10km NNW of Ashland, Virginia",earthquake,3.6,2.8,0.599,6,reviewed,se,se
2010-09-26T03:28:11.120Z,43.3233333,-71.5896667,5,3.15,ml,13,220,0.8168,0.36,ld,ld60009101,2016-05-26T21:19:42.020Z,"New Hampshire",earthquake,1.49,31.61,0.15,5,reviewed,ld,ld
2010-08-07T14:34:22.110Z,47.014,-70.654,25.4,3.5,mblg,16,52.4,,,us,usp000hhqg,2015-01-31T03:35:38.539Z,"St. Lawrence Valley region, Quebec, Canada",earthquake,,,,,reviewed,ott,ott
2010-08-02T04:34:29.350Z,30.815,-90.854,0.4,3,mblg,16,184.2,,,us,usp000hhbw,2016-04-08T14:37:44.010Z,"14km E of Clinton, Louisiana",earthquake,,,,,reviewed,ceri,us
2010-07-25T18:36:25.640Z,44.424,-66.846,5,3.2,mblg,22,151.9,,,us,usp000hgt9,2015-01-30T05:40:29.111Z,"Nova Scotia, Canada",earthquake,,,,,reviewed,ott,ott
2010-07-23T17:24:22.000Z,46.5,-71.62,18,3.51,ml,0,,2.733,,ld,ld60004916,2016-05-26T21:19:32.170Z,"St. Lawrence Valley region, Quebec, Canada",earthquake,,,0.15,0,reviewed,ld,ld
2010-07-16T09:04:47.800Z,39.2606667,-77.4103333,7.03,3.6,ml,23,176,0.4666,0.4,ld,ld2010071600,2016-05-27T19:29:27.660Z,"1km NW of Germantown, Maryland",earthquake,1.02,0.87,0.17,,reviewed,ld,ld
2010-06-28T06:36:34.930Z,35.2241667,-91.8633333,0.06,3.2,mlg,25,106,0.1253,0.23,nm,nm607395,2016-04-08T14:32:53.670Z,"11km WSW of Searcy, Arkansas",earthquake,1.3,2.6,0.384,7,reviewed,nm,nm
2010-06-26T23:47:39.580Z,35.2083333,-91.8686667,0,3.3,mlg,25,106,0.1341,0.29,nm,nm607391,2016-04-08T14:32:28.350Z,"12km WSW of Searcy, Arkansas",earthquake,1.5,1.3,0.457,6,reviewed,nm,nm
2010-06-24T23:49:08.170Z,45.871,-75.518,16.7,3.2,mblg,16,91.9,,,us,usp000hegd,2014-11-07T01:41:44.075Z,"Ontario-Quebec border region, Canada",earthquake,,,,,reviewed,ott,ott
2010-06-23T23:34:03.160Z,45.871,-75.474,22.9,3.3,mblg,12,143,,,us,usp000heer,2014-11-07T01:41:43.800Z,"Ontario-Quebec border region, Canada",earthquake,,,,,reviewed,ott,ott
2010-06-23T18:29:02.990Z,45.897,-75.465,18,3,mblg,16,134.6,,,us,usp000heea,2014-11-07T01:41:43.767Z,"Ontario-Quebec border region, Canada",earthquake,,,,,reviewed,ott,ott
2010-06-23T18:07:13.950Z,45.89,-75.51,18,3,mblg,6,145.9,,,us,usp000hee5,2014-11-07T01:41:43.758Z,"Ontario-Quebec border region, Canada",earthquake,,,,,reviewed,ott,ott
2010-06-23T17:53:34.490Z,45.878,-75.477,18,3.1,mblg,10,143.9,,,us,usp000hee1,2014-11-07T01:41:43.752Z,"Ontario-Quebec border region, Canada",earthquake,,,,,reviewed,ott,ott
2010-06-23T17:41:42.700Z,45.8835,-75.475,18.89,5.35,ml,56,82,,0.28,ld,ld2010062300,2017-04-26T18:11:04.408Z,"Ontario-Quebec border region, Canada",earthquake,0.25,0.31,0.2,,reviewed,ld,ld
2010-06-03T12:25:02.930Z,40.0863333,-76.9736667,1.5,3.05,md,14,138,0.5025,0.35,ld,ld2010060301,2016-08-31T18:40:45.687Z,"Pennsylvania",earthquake,0.68,31.61,0.15,,reviewed,ld,ld
2010-05-30T02:34:01.980Z,36.5485,-89.716,9.2,3.1,md,39,50,0.04211,0.07,nm,nm607341,2016-04-08T14:27:12.910Z,"10km WSW of Lilbourn, Missouri",earthquake,0.2,0.6,0.144,18,reviewed,nm,nm
2010-05-16T00:34:43.270Z,49.705,-66.943,18,3.1,mblg,19,82.6,,,us,usp000hct8,2014-11-07T01:41:29.590Z,"Gaspe Peninsula, Quebec, Canada",earthquake,,,,,reviewed,ott,ott
2010-05-06T14:04:54.490Z,34.187,-85.948,5,3.2,mblg,8,107.8,,1.17,us,usp000hcdk,2014-11-07T01:41:27.384Z,"Alabama",earthquake,,,,,reviewed,us,us
2010-05-05T22:19:18.100Z,47.576,-70.088,19.1,3.1,mblg,40,48.4,,,us,usp000hcch,2015-01-30T19:04:46.987Z,"St. Lawrence Valley region, Quebec, Canada",earthquake,,,,,reviewed,ott,ott
2010-04-25T02:00:39.260Z,41.78,-81.08,5,3,mblg,22,86.1,,,us,usp000hbve,2015-03-24T01:42:39.765Z,"Ohio",earthquake,,,,,reviewed,ogso,ott
2010-04-24T07:08:54.280Z,47.058,-71.085,18,3.3,mblg,17,151.9,,,us,usp000hbuf,2015-01-30T06:08:21.211Z,"southern Quebec, Canada",earthquake,,,,,reviewed,ott,ott
2010-04-20T09:28:20.040Z,35.7251667,-84.001,2.24,3.3,mlg,28,41,,0.16,se,se608191,2016-04-08T15:56:19.250Z,"4km SW of Maryville, Tennessee",earthquake,0.4,1.2,0.272,5,reviewed,se,se
2010-04-15T17:06:29.600Z,45.528,-72.406,18,3,mblg,13,78.4,,,us,usp000hbf1,2014-11-07T01:41:16.503Z,"southern Quebec, Canada",earthquake,,,,,reviewed,ott,ott
2010-04-04T09:19:14.010Z,38.599,-80.9161667,0.02,3.4,mlg,17,118,,0.38,se,se608185,2016-04-08T15:55:41.650Z,"19km WSW of Sutton, West Virginia",earthquake,1.6,3.6,0.614,2,reviewed,se,se
2010-03-30T20:42:19.000Z,44.672,-68.752,4.4,3,mblg,25,135.5,,,us,usp000ha5h,2015-01-28T21:43:35.797Z,"Maine",earthquake,,,,,reviewed,wes,wes
2010-03-10T06:41:18.920Z,47.685,-70.103,10.4,3.1,mblg,26,48.3,,,us,usp000h925,2014-11-07T01:40:58.098Z,"St. Lawrence Valley region, Quebec, Canada",earthquake,,,,,reviewed,ott,ott
2010-03-06T13:18:02.490Z,47.047,-70.915,18,3.2,mblg,30,58.5,,,us,usp000h8u6,2015-01-29T23:19:25.089Z,"St. Lawrence Valley region, Quebec, Canada",earthquake,,,,,reviewed,ott,ott
2010-03-02T19:37:35.160Z,36.788,-89.3561667,8.2,3.7,mlg,39,61,,0.2,nm,nm607272,2016-04-08T14:21:15.916Z,"2km ENE of East Prairie, Missouri",earthquake,0.2,0.7,0.354,11,reviewed,nm,nm
2010-02-28T03:51:24.840Z,45.7261667,-74.4561667,7.37,3.41,md,26,145,0.3157,0.31,ld,ld2010022800,2016-08-31T19:41:32.263Z,"Ontario-Quebec border region, Canada",earthquake,0.62,0.74,0.19,,reviewed,ld,ld
2010-02-10T09:59:35.140Z,41.969,-88.498,10,3.8,mwr,82,31.2,,,us,usp000h751,2016-04-08T14:19:56.929Z,"8km NW of Village of Campton Hills, Illinois",earthquake,,,,,reviewed,slm,slm
2010-01-20T21:18:46.250Z,36.0185,-91.3025,0.03,3.3,mlg,30,76,,0.19,nm,nm607245,2016-04-08T14:16:59.400Z,"23km ENE of Cave City, Arkansas",earthquake,0.8,2.6,0.338,2,reviewed,nm,nm
2009-12-18T11:38:08.660Z,36.4506667,-89.541,9.06,3.1,md,37,54,0.0584,0.07,nm,nm607105,2016-04-08T16:26:33.350Z,"10km NW of Tiptonville, Tennessee",earthquake,0.2,0.6,0.083,11,reviewed,nm,nm
2009-12-13T22:00:50.540Z,42.5731667,-74.1076667,10.18,3.15,md,21,72,,0.2,ld,ld2009121301,2016-08-31T19:34:46.793Z,"New York",earthquake,0.26,0.47,,,reviewed,ld,ld
2009-12-07T00:27:26.830Z,33.0293333,-83.0108333,6.87,3.2,mlg,24,105,,0.29,se,se607230,2016-04-08T16:39:41.620Z,"19km WNW of Sandersville, Georgia",earthquake,2,3.3,0.324,1,reviewed,se,se
2009-11-06T06:12:39.770Z,36.0885,-89.4018333,9.32,3.4,mlg,38,40,0.02017,0.06,nm,nm607067,2016-04-08T16:22:29.130Z,"6km NNW of Dyersburg, Tennessee",earthquake,0.3,0.6,0.175,8,reviewed,nm,nm
2009-11-02T03:16:45.290Z,46.1083333,-74.7528333,3.92,3.59,md,21,106,0.1775,0.18,ld,ld2009110200,2016-08-31T19:28:41.644Z,"southern Quebec, Canada",earthquake,0.24,0.58,,,reviewed,ld,ld
2009-11-01T17:01:26.310Z,35.1368333,-84.8543333,24.51,3,mlg,24,63,,0.15,se,se607215,2016-04-08T16:38:07.290Z,"1km ESE of South Cleveland, Tennessee",earthquake,0.4,1,0.802,7,reviewed,se,se
2009-10-15T18:53:23.000Z,35.2473333,-92.3948333,0,3,mlg,14,171,,0.22,nm,nm607041,2016-04-08T16:19:42.110Z,"1km NNW of Greenbrier, Arkansas",earthquake,3.9,3.5,0.257,7,reviewed,nm,nm
2009-10-03T06:04:32.620Z,45.967,-77.018,18,3.1,mblg,22,109.7,,,us,usp000h2a5,2015-01-31T04:25:11.387Z,"southern Ontario, Canada",earthquake,,,,,reviewed,ott,ott
2009-08-31T14:07:10.230Z,35.778,-84.1238333,14.25,3.3,md,24,79,,0.15,se,se607194,2016-04-08T16:35:55.100Z,"8km SW of Louisville, Tennessee",earthquake,0.3,0.6,0.064,6,reviewed,se,se
2009-08-29T10:37:13.700Z,33.033,-80.1586667,4.93,3.2,mlg,14,122,,0.17,se,se607191,2016-04-08T16:35:36.160Z,"2km NE of Summerville, South Carolina",earthquake,0.6,1,,,reviewed,se,se
2009-08-01T13:38:26.110Z,35.0635,-84.2923333,5.4,3.2,mlg,28,75,,0.09,se,se607183,2016-04-08T16:34:45.230Z,"11km NE of McCaysville, Georgia",earthquake,0.4,1.4,0.554,7,reviewed,se,se
2009-07-21T14:20:56.350Z,49.725,-65.706,13.8,3.5,mwr,13,245.9,,,us,usp000gzgy,2014-11-07T01:39:20.827Z,"Gaspe Peninsula, Quebec, Canada",earthquake,,,,,reviewed,ott,us
2009-05-28T09:19:24.740Z,45.8255,-75.8258333,3.87,3.02,md,20,77,,0.14,ld,ld2009052800,2016-05-27T19:27:38.150Z,"Ontario-Quebec border region, Canada",earthquake,0.21,0.46,,,reviewed,ld,ld
2009-05-18T00:53:29.930Z,42.5711667,-74.1115,8.61,3.05,md,24,72,,0.21,ld,ld2009051800,2016-08-31T19:26:15.370Z,"New York",earthquake,0.24,0.53,,,reviewed,ld,ld
2009-05-16T08:08:17.650Z,37.2485,-80.002,12.89,3,mlg,25,85,,0.48,se,se607154,2016-04-08T16:31:42.920Z,"2km NNE of Cave Spring, Virginia",earthquake,1.7,2.3,0.348,4,reviewed,se,se
2009-05-08T19:47:01.530Z,45.4938333,-75.9605,21.18,3.1,md,26,64,,0.22,ld,ld2009050800,2016-08-31T19:25:45.005Z,"Ontario-Quebec border region, Canada",earthquake,0.23,0.34,,,reviewed,ld,ld
2009-04-29T19:37:07.970Z,46.853,-71.058,18,3.4,mblg,28,64.4,,,us,usp000gwpd,2015-01-30T05:05:09.060Z,"St. Lawrence Valley region, Quebec, Canada",earthquake,,,,,reviewed,ott,ott
2009-04-24T13:42:46.030Z,38.81,-82.27,5,3.3,mblg,28,48,,,us,usp000gwj0,2016-04-08T16:30:33.930Z,"13km NW of Gallipolis, Ohio",earthquake,,,,,reviewed,ogso,ogso
2009-04-21T10:25:42.520Z,32.83,-87.1,12.7,3.3,mwr,25,100.6,,,us,usp000gwev,2016-04-08T16:30:21.190Z,"12km SSE of Centreville, Alabama",earthquake,,,,,reviewed,ceri,us
2009-04-04T20:45:33.670Z,33.2146667,-83.2023333,0,3.1,md,27,172,,0.38,se,se607137,2016-04-08T16:29:55.750Z,"15km N of Milledgeville, Georgia",earthquake,2.7,0.4,0.302,3,reviewed,se,se
2009-03-08T13:30:10.210Z,46.584,-66.249,5,3.3,mblg,15,115.1,,,us,usp000gurr,2015-03-24T02:19:45.524Z,"New Brunswick, Canada",earthquake,,,,,reviewed,ott,ott
2009-03-08T08:16:04.600Z,46.597,-66.311,5,3.6,mblg,76,69.3,,,us,usp000gurf,2014-11-07T01:38:33.287Z,"New Brunswick, Canada",earthquake,,,,,reviewed,ott,wes
2009-01-27T11:20:12.690Z,36.7733333,-84.1311667,26.08,3.2,md,17,131,0.3644,0.15,se,se607117,2016-04-08T16:27:50.660Z,"4km NE of Williamsburg, Kentucky",earthquake,0.9,0.8,0.147,7,reviewed,se,se
2008-12-31T06:54:48.740Z,46.1535,-75.4476667,7.11,3.2,md,22,115,,0.12,ld,ld2008123101,2016-05-27T19:26:29.220Z,"southern Quebec, Canada",earthquake,0.18,0.51,,,reviewed,ld,ld
2008-12-27T05:04:34.600Z,40.1141667,-76.4025,3.61,3.37,md,30,89,,0.36,ld,ld2008122700,2016-08-31T18:34:44.362Z,"Pennsylvania",earthquake,0.33,0.73,,,reviewed,ld,ld
2008-12-18T00:05:07.060Z,36.0501667,-83.5918333,9.54,3.3,mlg,18,57,0.2454,0.16,se,se606896,2016-04-08T17:20:37.760Z,"6km SSW of New Market, Tennessee",earthquake,0.4,1.1,0.314,5,reviewed,se,se
2008-12-16T12:42:17.520Z,33.0881667,-80.1346667,15.39,3.6,mlg,18,117,0.04065,0.29,se,se606895,2016-04-08T17:21:48.737Z,"5km N of Sangaree, South Carolina",earthquake,2.8,0.9,,,reviewed,se,se
2008-11-15T10:52:53.420Z,47.74,-69.713,20,3.6,mwr,32,97.9,,,us,usp000gnrd,2014-11-07T01:37:44.395Z,"St. Lawrence Valley region, Quebec, Canada",earthquake,,,,,reviewed,ott,slm
2008-11-02T07:26:27.000Z,47.43,-71.44,18,3.6,mblg,7,247.7,,,us,usp000gmp9,2014-11-07T01:37:39.049Z,"southern Quebec, Canada",earthquake,,,,,reviewed,ott,ott
2008-10-20T08:26:17.870Z,46.4355,-75.7576667,10.53,3.03,md,15,126,,0.1,ld,ld2008102003,2016-05-27T19:26:13.740Z,"southern Quebec, Canada",earthquake,0.24,0.35,,,reviewed,ld,ld
2008-09-11T11:21:49.200Z,46.476,-81.042,1,3.8,mblg,50,32.7,,,us,usp000ggvg,2014-11-07T01:37:11.117Z,"Ontario, Canada",earthquake,,,,,reviewed,ott,ott
2008-07-18T02:58:56.230Z,38.442,-87.8943333,18.28,3.1,mlg,6,119,,0.11,nm,nm606744,2016-04-08T17:04:24.530Z,"12km WNW of Mount Carmel, Illinois",earthquake,1.5,1.5,,,reviewed,nm,nm
2008-06-28T01:40:36.450Z,33.276,-87.396,5,3.1,mblg,16,112.9,,1.24,us,usp000gasv,2014-11-07T01:36:27.288Z,"Alabama",earthquake,,,,,reviewed,us,us
2008-06-23T23:30:19.990Z,34.925,-84.841,8.76,3.1,mlg,21,66,0.1536,0.08,se,se606856,2016-04-08T17:16:25.380Z,"12km ENE of Varnell, Georgia",earthquake,0.5,1,0.142,10,reviewed,se,se
2008-06-11T04:36:34.590Z,45.6386667,-75.385,18.35,3.28,md,17,89,,0.18,ld,ld2008061100,2016-05-27T19:25:20.970Z,"Ontario-Quebec border region, Canada",earthquake,0.29,0.39,,,reviewed,ld,ld
2008-06-05T07:13:15.470Z,38.4538333,-87.8436667,16.24,3.4,mw,10,135,,0.16,nm,nm606722,2016-04-08T17:02:02.230Z,"8km WNW of Mount Carmel, Illinois",earthquake,0.8,1.1,,,reviewed,nm,nm
2008-05-16T18:39:14.920Z,31.773,-88.203,5,3.1,mblg,12,175.5,,0.92,us,usp000g704,2014-11-07T01:36:01.654Z,"Alabama",earthquake,,,,,reviewed,us,us
2008-05-10T17:52:49.620Z,34.3505,-88.8348333,0,3.1,md,17,159,0.5013,0.45,nm,nm606709,2016-04-08T17:00:38.940Z,"14km WSW of Saltillo, Mississippi",earthquake,2.3,2.2,0.159,2,reviewed,nm,nm
2008-05-01T05:30:37.680Z,38.4526667,-87.8591667,14.32,3.3,mlg,10,89,,0.2,nm,nm606701,2016-04-08T16:59:47.790Z,"9km WNW of Mount Carmel, Illinois",earthquake,0.9,1.1,0.236,1,reviewed,nm,nm
2008-04-25T17:31:00.500Z,38.4505,-87.873,12.98,3.7,mw,9,87,,0.15,nm,nm606695,2016-04-08T17:00:33.229Z,"10km WNW of Mount Carmel, Illinois",earthquake,1,1.2,0.386,1,reviewed,nm,nm
2008-04-21T05:38:30.260Z,38.4475,-87.8755,18.29,4,mw,11,87,,0.15,nm,nm606680,2016-04-08T17:09:38.071Z,"10km WNW of Mount Carmel, Illinois",earthquake,0.6,0.8,,,reviewed,nm,nm
2008-04-18T15:14:17.210Z,38.4585,-87.8691667,15.46,4.7,mw,16,89,,0.28,nm,nm606669,2017-04-26T18:08:03.599Z,"10km WNW of Mount Carmel, Illinois",earthquake,0.8,0.9,,,reviewed,nm,nm
2008-04-18T09:36:59.110Z,38.4515,-87.8861667,14.25,5.2,mw,16,86,,0.2,nm,nm606657,2017-04-13T22:22:16.150Z,"11km WNW of Mount Carmel, Illinois",earthquake,1.3,1.3,,,reviewed,nm,nm
2008-01-10T06:12:43.440Z,46.1061667,-74.8171667,16.69,3.13,md,17,100,0.2157,0.14,ld,ld2008011000,2016-05-27T19:24:20.370Z,"southern Quebec, Canada",earthquake,0.19,0.28,,,reviewed,ld,ld
2008-01-09T01:34:46.700Z,41.72,-81.43,5,3.1,mblg,29,69.7,,,us,usp000fwa6,2016-05-27T19:24:18.880Z,"Lake Erie, Ohio",earthquake,,,,,reviewed,ogso,ogso
2008-01-03T09:37:55.550Z,47.382,-70.312,13.5,3.4,mblg,31,39.5,,,us,usp000fvwe,2014-11-07T01:34:36.034Z,"St. Lawrence Valley region, Quebec, Canada",earthquake,,,,,reviewed,ott,ott
2007-12-27T20:51:57.490Z,27.679,-71.076,10,4.6,mb,84,68,,1.03,us,usp000fve1,2014-11-07T01:34:30.386Z,"off the east coast of the United States",earthquake,,,,39,reviewed,us,us
2007-12-23T23:48:34.760Z,46.256,-77.318,18,3.6,mblg,30,54.6,,,us,usp000fv45,2016-05-27T19:24:13.340Z,"southern Quebec, Canada",earthquake,,,,,reviewed,ott,ott
2007-12-20T12:16:41.490Z,45.788,-76.956,18,3,mblg,32,48.6,,,us,usp000fuw9,2016-05-27T19:24:10.610Z,"southern Ontario, Canada",earthquake,,,,,reviewed,ott,ott
2007-12-12T15:51:20.810Z,46.2985,-75.1463333,14.97,3.04,md,20,119,,0.32,ld,ld2007121200,2016-05-27T19:24:07.720Z,"southern Quebec, Canada",earthquake,0.44,0.59,,,reviewed,ld,ld
2007-10-17T20:04:09.740Z,41.75,-81.42,5,3.4,mblg,19,102.8,,,us,usp000fqsp,2016-05-27T19:23:41.180Z,"Lake Erie, Ohio",earthquake,,,,,reviewed,ogso,ott
2007-10-13T05:53:31.870Z,46.525,-75.129,11,3.5,md,25,127.7,,,us,usp000fqer,2016-05-27T19:23:38.160Z,"southern Quebec, Canada",earthquake,,,,,reviewed,pal,pal
2007-10-01T16:42:08.000Z,47.08,-76.88,18,4.1,mblg,42,123.5,,,us,usp000fpnh,2016-05-27T19:23:29.560Z,"southern Quebec, Canada",earthquake,,,,,reviewed,ott,ott
2007-09-30T17:35:35.280Z,46.878,-76.518,13,3.9,mblg,26,119.9,,,us,usp000fpjm,2016-05-27T19:23:25.340Z,"southern Quebec, Canada",earthquake,,,,,reviewed,ott,ott
2007-09-07T10:40:47.480Z,36.2265,-93.1436667,0,3.1,md,29,125,,0.57,nm,nm606414,2016-04-08T17:57:12.690Z,"3km W of Harrison, Arkansas",earthquake,5.4,6.4,0.048,3,reviewed,nm,nm
2007-08-30T03:47:45.740Z,44.3238333,-74.361,2.23,3.23,md,25,40,,0.3,ld,ld2007083000,2016-08-31T19:09:08.877Z,"New York",earthquake,0.34,0.67,,,reviewed,ld,ld
2007-08-04T10:04:45.530Z,35.4865,-82.0873333,8.94,3,md,23,75,,0.14,se,se606540,2016-04-08T18:10:40.450Z,"12km ENE of Lake Lure, North Carolina",earthquake,0.5,1.5,0.201,7,reviewed,se,se
2007-07-24T01:56:48.790Z,42.6041667,-74.1186667,15.15,3.05,md,18,93,,0.49,ld,ld2007072401,2016-05-27T19:22:55.050Z,"New York",earthquake,0.61,0.76,,,reviewed,ld,ld
2007-07-20T00:35:09.180Z,47.07,-65.875,5,3.2,mblg,17,89.2,,,us,usp000fgp4,2014-11-07T01:33:00.834Z,"New Brunswick, Canada",earthquake,,,,,reviewed,ott,ott
2007-06-19T18:16:26.810Z,35.7925,-85.3616667,1.17,3.5,md,23,45,0.3498,0.26,se,se606532,2016-04-08T18:11:08.630Z,"10km ENE of Spencer, Tennessee",earthquake,1,3,0.156,6,reviewed,se,se
2007-06-02T02:19:54.530Z,46.091,-74.957,14.64,3,md,21,114,0.309,0.27,ld,ld2007060200,2016-05-27T19:22:33.980Z,"southern Quebec, Canada",earthquake,0.41,0.48,,,reviewed,ld,ld
2007-05-31T01:57:44.690Z,46.988,-72.887,18,3,md,43,62.1,,,us,usp000fd2v,2016-05-27T19:22:32.330Z,"St. Lawrence Valley region, Quebec, Canada",earthquake,,,,,reviewed,ott,pal
2007-05-16T13:22:21.420Z,33.3,-92.587,5,3,mblg,9,160.3,,0.95,us,usp000fc3b,2015-03-24T00:49:51.002Z,"Arkansas",earthquake,,,,,reviewed,us,us
2007-05-11T05:55:22.580Z,46.708,-76.092,18,3.2,md,20,149.1,,,us,usp000fbrb,2016-05-27T19:22:19.600Z,"southern Quebec, Canada",earthquake,,,,,reviewed,ott,pal
2007-05-04T16:16:28.180Z,33.797,-87.299,5,3,mblg,8,197,,0.77,us,usp000fb7x,2014-11-07T01:32:24.230Z,"Alabama",earthquake,,,,,reviewed,us,us
2007-03-12T23:18:16.410Z,41.28,-81.38,5,3.7,mblg,70,54.1,,,us,usp000f6ke,2016-05-27T19:21:49.210Z,"Ohio",earthquake,,,,,reviewed,ogso,ott
2007-01-06T04:08:44.970Z,47.025,-76.234,18,3.3,mblg,32,96.4,,,us,usp000f1sx,2014-11-07T01:31:19.006Z,"southern Quebec, Canada",earthquake,,,,,reviewed,ott,ott
